VIT_01s0011g00230	Vitvi01g00024	Vitis01g00019
VIT_01s0011g00410	Vitvi01g00037	Vitis01g00036
VIT_01s0011g00690	Vitvi01g00061	Vitis01g00060
VIT_01s0011g01290	Vitvi01g00103	Vitis01g00127
VIT_01s0011g01320	Vitvi01g00106	Vitis01g00131
VIT_01s0011g01480	Vitvi01g00119	Vitis01g00143
VIT_01s0011g01990	Vitvi01g00157	Vitis01g00189
VIT_01s0011g02020	Vitvi01g00159	-
VIT_01s0011g02200	Vitvi01g00175	Vitis01g00209
VIT_01s0011g02230	Vitvi01g00178	Vitis01g00211
VIT_01s0011g03070	Vitvi01g00244	Vitis01g00289
VIT_01s0011g03090	Vitvi01g00246	Vitis01g00291
VIT_01s0011g03500	Vitvi01g00286	Vitis01g00327
VIT_01s0011g03520	Vitvi01g00288	Vitis01g00329
VIT_01s0011g04350	Vitvi01g00360	Vitis01g00419
VIT_01s0011g04370	Vitvi01g00362	Vitis01g00422
VIT_01s0011g04400	Vitvi01g00366	-
VIT_01s0011g04520	Vitvi01g00376	Vitis01g00438
VIT_01s0011g04630	Vitvi01g00385	Vitis01g00448
VIT_01s0011g04640	Vitvi01g00386	Vitis01g00449
VIT_01s0011g04800	Vitvi01g00405	Vitis01g00466
VIT_01s0011g04860	Vitvi01g00411	Vitis01g00473
VIT_01s0011g05200	Vitvi01g00441	Vitis01g00517
VIT_01s0011g05210	Vitvi01g00442	Vitis01g00518
VIT_01s0011g05220	Vitvi01g00443	-
VIT_01s0011g05260	Vitvi01g00446	Vitis01g00520
VIT_01s0011g05370	Vitvi01g00455	Vitis01g00532
VIT_01s0011g05860	Vitvi01g00502	Vitis01g00589
VIT_01s0011g05960	Vitvi01g00509	Vitis01g00601
VIT_01s0011g06260	Vitvi01g00536	-
VIT_01s0011g06400	Vitvi01g00552	Vitis01g00648
VIT_01s0011g06610	Vitvi01g02013	Vitis01g00673
VIT_01s0137g00080	Vitvi01g04135	Vitis01g00684
VIT_00s0225g00090	Vitvi01g00658	Vitis01g00777
VIT_00s0225g00130	Vitvi01g00662	Vitis01g00782
VIT_00s0225g00140	Vitvi01g00663	Vitis01g00783
VIT_00s0225g00150	Vitvi01g00664	Vitis01g00784
VIT_00s0225g00230	Vitvi01g00672	Vitis01g00795
VIT_01s0127g00420	Vitvi01g00711	Vitis01g00837
VIT_01s0127g00490	Vitvi01g00716	Vitis01g00847
VIT_01s0127g00720	Vitvi01g00735	Vitis01g00865
VIT_01s0127g00750	Vitvi01g00739	Vitis01g00868
VIT_01s0127g00770	Vitvi01g00740	-
VIT_01s0127g00780	Vitvi01g00741	Vitis01g00869
VIT_01s0127g00800	Vitvi01g00742	Vitis01g00870
VIT_01s0127g00860	Vitvi01g00746	Vitis01g00875
VIT_01s0026g00210	Vitvi01g00785	-
VIT_01s0026g00220	Vitvi01g00787	Vitis01g00916
VIT_01s0026g00280	Vitvi01g00793	Vitis01g00927
VIT_01s0026g00380	Vitvi01g02082	Vitis01g00938
VIT_01s0026g00710	Vitvi01g00830	Vitis01g00968
VIT_01s0026g01080	Vitvi01g00870	Vitis01g01012
VIT_01s0026g01650	Vitvi01g00930	Vitis01g01061
VIT_01s0026g02290	Vitvi01g00992	Vitis01g01124
VIT_01s0026g02310	Vitvi01g00993	Vitis01g01125
VIT_01s0182g00160	Vitvi01g01079	-
VIT_01s0010g00480	Vitvi01g01280	Vitis01g01379
VIT_01s0010g00950	Vitvi01g01346	Vitis01g01438
VIT_01s0010g01110	Vitvi01g01361	-
VIT_01s0010g02030	Vitvi01g01476	Vitis01g01585
VIT_01s0010g02090	Vitvi01g01492	Vitis01g01601
VIT_01s0010g02100	Vitvi01g01493	-
VIT_01s0010g02350	Vitvi01g01521	Vitis01g01637
VIT_01s0010g02460	Vitvi01g01538	Vitis01g01650
VIT_01s0010g02690	Vitvi01g01559	Vitis01g01673
VIT_01s0010g03300	Vitvi01g01618	Vitis01g01767
VIT_01s0010g03940	Vitvi01g01682	Vitis01g01839
VIT_01s0146g00450	Vitvi01g01738	Vitis01g01898
VIT_01s0244g00140	Vitvi01g01758	Vitis01g01917
VIT_01s0150g00390	Vitvi01g01799	Vitis01g01957
VIT_02s0025g00270	Vitvi02g00023	Vitis02g00026
VIT_02s0025g00370	Vitvi02g00034	-
VIT_02s0025g00510	Vitvi02g00048	Vitis02g00054
VIT_02s0025g01280	Vitvi02g00114	Vitis02g00123
VIT_02s0025g01560	Vitvi02g00143	Vitis02g00155
VIT_02s0025g01580	Vitvi02g00145	Vitis02g00158
VIT_02s0025g02150	Vitvi02g00188	Vitis02g00213
VIT_02s0025g02170	Vitvi02g00191	Vitis02g00218
VIT_02s0025g02500	Vitvi02g01365	-
VIT_02s0025g02510	Vitvi02g04050	Vitis02g00249
VIT_02s0025g03260	Vitvi02g00295	Vitis02g00318
VIT_02s0025g03310	Vitvi02g00301	Vitis02g00324
VIT_02s0025g03410	Vitvi02g00313	Vitis02g00335
VIT_02s0025g04000	Vitvi02g00370	-
VIT_02s0025g04140	Vitvi02g00383	Vitis02g00419
VIT_02s0025g04170	Vitvi02g00387	Vitis02g00423
VIT_02s0025g04440	Vitvi02g04095	Vitis02g00454
VIT_02s0025g04460	Vitvi02g00407	-
VIT_02s0025g04580	Vitvi02g00420	Vitis02g00468
VIT_02s0025g04720	Vitvi02g00435	Vitis02g00483
VIT_02s0025g04910	Vitvi02g00449	Vitis02g00507
VIT_02s0025g04930	Vitvi02g00451	Vitis02g00510
VIT_02s0154g00090	Vitvi02g00512	Vitis02g00588
VIT_00s0229g00140	Vitvi02g00569	-
VIT_00s0229g00180	Vitvi02g00573	-
VIT_00s0551g00010	Vitvi02g01713	Vitis02g00657
VIT_02s0012g00290	Vitvi02g01471	Vitis02g00809
VIT_02s0012g00620	Vitvi02g00642	Vitis02g00852
VIT_02s0012g01120	Vitvi02g00680	Vitis02g00898
VIT_02s0012g01140	Vitvi02g00682	Vitis02g00899
VIT_02s0012g01210	Vitvi02g00688	Vitis02g00905
VIT_02s0012g01320	Vitvi02g00698	Vitis02g00912
VIT_02s0012g01640	Vitvi02g00724	Vitis02g00947
VIT_02s0012g01800	Vitvi02g00738	Vitis02g00960
VIT_02s0012g02160	Vitvi02g00785	Vitis02g01014
VIT_02s0109g00080	Vitvi02g00915	Vitis02g01155
VIT_02s0109g00430	Vitvi02g00963	Vitis02g01201
VIT_02s0033g00630	Vitvi02g01602	-
VIT_02s0033g00660	Vitvi02g01607	Vitis02g01308
VIT_02s0033g00670	Vitvi02g01609	Vitis02g01309
VIT_02s0033g00700	Vitvi02g01067	Vitis02g01310
VIT_02s0033g00770	Vitvi02g01613	Vitis02g01329
VIT_02s0033g00790	Vitvi02g01614	Vitis02g01332
VIT_02s0033g00800	Vitvi02g01615	Vitis02g01331
VIT_02s0033g00850	Vitvi02g01618	Vitis02g01338
VIT_02s0033g00870	Vitvi02g01621	Vitis02g01339
VIT_02s0087g00710	Vitvi02g01269	Vitis02g01492
VIT_03s0038g00300	Vitvi03g00023	Vitis03g00017
VIT_03s0038g00310	Vitvi03g00024	-
VIT_03s0038g00340	Vitvi03g00026	Vitis03g00021
VIT_03s0038g00450	Vitvi03g00034	Vitis03g00029
VIT_03s0038g00500	Vitvi03g00038	Vitis03g00033
VIT_03s0038g00550	Vitvi03g00040	Vitis03g00036
VIT_03s0038g00760	Vitvi03g00054	Vitis03g00056
VIT_03s0038g00820	Vitvi03g00057	Vitis03g00059
VIT_03s0038g01440	Vitvi03g00085	Vitis03g00124
VIT_03s0038g01780	Vitvi03g00097	Vitis03g00155
VIT_03s0038g02370	Vitvi03g04064	Vitis03g00216
VIT_03s0038g02380	Vitvi03g00143	Vitis03g00217
VIT_03s0038g02510	Vitvi03g00154	Vitis03g00230
VIT_03s0038g02520	Vitvi03g00155	Vitis03g00231
VIT_03s0038g02540	Vitvi03g00157	Vitis03g00233
VIT_03s0038g02920	Vitvi03g00185	Vitis03g00267
VIT_03s0038g03120	Vitvi03g00197	Vitis03g00284
VIT_03s0038g03230	Vitvi03g00200	Vitis03g00298
VIT_03s0038g03250	Vitvi03g00203	Vitis03g00301
VIT_03s0038g03270	Vitvi03g00205	Vitis03g00305
VIT_03s0038g04010	Vitvi03g00254	Vitis03g00368
VIT_03s0038g04100	Vitvi03g00262	Vitis03g00378
VIT_03s0038g04120	Vitvi03g00264	Vitis03g00380
VIT_03s0038g04240	Vitvi03g00273	Vitis03g00393
VIT_03s0038g04370	Vitvi03g00287	Vitis03g00403
VIT_03s0038g04500	Vitvi03g04109	Vitis03g00416
VIT_03s0038g04570	Vitvi03g00304	Vitis03g00423
VIT_03s0063g02650	Vitvi03g00321	Vitis03g00446
VIT_03s0063g02480	Vitvi03g00343	Vitis03g00461
VIT_03s0063g02080	Vitvi03g00370	Vitis03g00499
VIT_03s0063g01110	Vitvi03g01544	Vitis03g00606
VIT_03s0063g01080	Vitvi03g00452	Vitis03g00609
VIT_03s0063g00390	Vitvi03g00505	Vitis03g00667
VIT_03s0180g00040	Vitvi03g00542	Vitis03g00708
VIT_03s0180g00250	Vitvi03g00561	Vitis03g00732
VIT_03s0180g00260	Vitvi03g00564	Vitis03g00731
VIT_03s0091g00460	Vitvi03g00602	-
VIT_03s0088g01040	Vitvi03g00773	Vitis03g01011
VIT_03s0088g01250	Vitvi03g00792	Vitis03g01031
VIT_03s0132g00200	Vitvi03g00895	Vitis03g01171
VIT_03s0038g00370	Vitvi03g00996	-
VIT_03s0017g00270	Vitvi03g01047	Vitis03g01339
VIT_03s0017g00550	Vitvi03g01080	Vitis03g01376
VIT_03s0017g00650	Vitvi03g01092	Vitis03g01387
VIT_03s0017g00980	Vitvi03g01138	Vitis03g01444
VIT_03s0017g01330	Vitvi03g01188	Vitis03g01495
VIT_03s0017g01670	Vitvi03g04482	-
VIT_03s0017g01700	Vitvi03g01231	Vitis03g01550
VIT_03s0017g01980	Vitvi03g01259	Vitis03g01574
VIT_04s0008g00900	Vitvi04g00076	Vitis04g00088
VIT_04s0008g01100	Vitvi04g00091	Vitis04g00108
VIT_04s0008g01300	Vitvi04g00112	Vitis04g00127
VIT_04s0008g01420	Vitvi04g00127	Vitis04g00139
VIT_04s0008g02570	Vitvi04g00223	Vitis04g00256
VIT_04s0008g02780	Vitvi04g00243	Vitis04g00279
VIT_04s0008g02830	Vitvi04g00249	Vitis04g00285
VIT_04s0008g03050	Vitvi04g00267	Vitis04g00309
VIT_04s0008g03380	Vitvi04g00298	Vitis04g00342
VIT_04s0008g03610	Vitvi04g00314	Vitis04g00363
VIT_04s0008g03770	Vitvi04g00328	Vitis04g00378
VIT_04s0008g03920	Vitvi04g00340	Vitis04g00395
VIT_04s0008g04180	Vitvi04g00359	-
VIT_04s0008g04870	Vitvi04g00430	Vitis04g00499
VIT_04s0008g05210	Vitvi04g00464	Vitis04g00539
VIT_04s0008g05300	Vitvi04g00471	Vitis04g00547
VIT_04s0008g05450	Vitvi04g00480	Vitis04g00563
VIT_04s0008g05730	Vitvi04g00508	Vitis04g00593
VIT_04s0008g05750	Vitvi04g00510	Vitis04g00595
VIT_04s0008g05760	Vitvi04g00511	Vitis04g00596
VIT_04s0008g05990	Vitvi04g01914	Vitis04g00630
VIT_04s0008g06040	Vitvi04g00537	Vitis04g00634
VIT_04s0008g06330	Vitvi04g00567	Vitis04g00670
VIT_04s0008g06390	Vitvi04g00573	-
VIT_04s0008g06480	Vitvi04g00581	Vitis04g00676
VIT_04s0008g06570	Vitvi04g00594	Vitis04g00685
VIT_04s0008g06780	Vitvi04g00610	Vitis04g00703
VIT_04s0069g00920	Vitvi04g00756	Vitis04g00862
VIT_04s0069g01060	Vitvi04g00769	-
VIT_04s0079g00200	Vitvi04g00824	Vitis04g00940
VIT_04s0079g00230	Vitvi04g00831	Vitis04g00958
VIT_04s0079g00680	Vitvi04g02011	Vitis04g01013
VIT_04s0079g00760	Vitvi04g04247	Vitis04g01021
VIT_04s0043g00900	Vitvi04g01056	Vitis04g01185
VIT_04s0043g00930	Vitvi04g01061	Vitis04g01187
VIT_04s0043g01010	Vitvi04g01082	Vitis04g01205
VIT_04s0023g00110	Vitvi04g01124	Vitis04g01251
VIT_04s0023g00320	Vitvi04g01151	Vitis04g01280
VIT_04s0023g00450	Vitvi04g01162	Vitis04g01289
VIT_04s0023g00600	Vitvi04g01175	Vitis04g01318
VIT_04s0023g01220	Vitvi04g01231	Vitis04g01378
VIT_04s0023g01250	Vitvi04g01234	Vitis04g01381
VIT_04s0023g01330	Vitvi04g01244	Vitis04g01393
VIT_04s0023g01650	Vitvi04g01280	Vitis04g01425
VIT_04s0023g01850	Vitvi04g01300	Vitis04g01440
VIT_04s0023g02400	Vitvi04g01360	-
VIT_04s0023g02780	Vitvi04g01399	Vitis04g01552
VIT_04s0023g02810	Vitvi04g01402	Vitis04g01556
VIT_04s0023g02900	Vitvi04g01412	Vitis04g01569
VIT_04s0023g03100	Vitvi04g01429	Vitis04g01585
VIT_04s0023g03170	Vitvi04g02147	Vitis04g01591
VIT_04s0023g03590	Vitvi04g02159	Vitis04g01631
VIT_04s0023g03600	Vitvi04g02160	Vitis04g01632
VIT_04s0023g03820	Vitvi04g01492	Vitis04g01651
VIT_04s0023g03860	Vitvi04g01498	Vitis04g01655
VIT_00s0264g00030	Vitvi04g01535	Vitis04g01682
VIT_00s0264g00100	Vitvi04g01530	Vitis04g01689
VIT_00s0759g00010	Vitvi04g02288	Vitis04g01713
VIT_04s0210g00030	Vitvi04g04438	Vitis04g01743
VIT_04s0210g00050	Vitvi04g01550	Vitis04g01745
VIT_04s0210g00120	Vitvi04g04439	-
VIT_04s0210g00130	Vitvi04g02198	Vitis04g01751
VIT_04s0210g00180	Vitvi04g01557	Vitis04g01756
VIT_04s0210g00190	Vitvi04g01558	Vitis04g01758
VIT_04s0044g00550	Vitvi04g01611	Vitis04g01832
VIT_04s0044g00710	Vitvi04g01633	-
VIT_04s0044g01490	Vitvi04g01711	Vitis04g01955
VIT_04s0044g01740	Vitvi04g01740	-
VIT_04s0044g01850	Vitvi04g01746	Vitis04g01997
VIT_04s0044g01860	Vitvi04g01747	Vitis04g01998
VIT_05s0077g02040	Vitvi05g00035	Vitis05g00035
VIT_05s0077g01930	Vitvi05g00045	Vitis05g00047
VIT_05s0077g00940	Vitvi05g00130	Vitis05g00154
VIT_05s0077g00690	Vitvi05g00149	Vitis05g00177
VIT_05s0077g00120	Vitvi05g01808	Vitis05g00222
VIT_05s0020g00380	Vitvi05g00207	Vitis05g00293
VIT_05s0020g00670	Vitvi05g00242	Vitis05g00328
VIT_05s0020g01070	Vitvi05g00271	Vitis05g00362
VIT_05s0020g01100	Vitvi05g00275	Vitis05g00365
VIT_05s0020g01530	Vitvi05g00321	Vitis05g00409
VIT_05s0020g02030	Vitvi05g00364	-
VIT_05s0020g02130	Vitvi05g00372	Vitis05g00467
VIT_05s0020g02480	Vitvi05g00403	Vitis05g00506
VIT_05s0020g02840	Vitvi05g01878	Vitis05g00541
VIT_05s0020g02880	Vitvi05g00442	Vitis05g00545
VIT_05s0020g03260	Vitvi05g00481	Vitis05g00584
VIT_05s0020g03280	Vitvi05g00483	Vitis05g00588
VIT_05s0020g03430	Vitvi05g00497	Vitis05g00601
VIT_05s0020g03860	Vitvi05g00539	Vitis05g00646
VIT_05s0020g04430	Vitvi05g00606	-
VIT_05s0020g04510	Vitvi05g00614	Vitis05g00717
VIT_05s0020g04690	Vitvi05g00630	Vitis05g00739
VIT_05s0020g04900	Vitvi05g00654	Vitis05g00761
VIT_05s0049g00090	Vitvi05g00684	Vitis05g00792
VIT_05s0049g00500	Vitvi05g01723	Vitis05g00829
VIT_05s0049g00510	Vitvi05g00715	Vitis05g00830
VIT_05s0049g00920	Vitvi05g00733	Vitis05g00854
VIT_05s0049g00930	Vitvi05g00734	Vitis05g00854
VIT_05s0049g00940	Vitvi05g01956	Vitis05g00855
VIT_05s0049g00960	Vitvi05g00737	Vitis05g00857
VIT_05s0049g01520	Vitvi05g00800	Vitis05g00919
VIT_05s0049g01970	Vitvi05g00838	Vitis05g00960
VIT_05s0049g01980	Vitvi05g00839	Vitis05g00961
VIT_05s0049g02130	Vitvi05g01990	-
VIT_05s0051g00830	Vitvi05g00975	Vitis05g01127
VIT_05s0051g00870	Vitvi05g00979	Vitis05g01136
VIT_05s0051g00930	Vitvi05g00990	Vitis05g01144
VIT_05s0029g00040	Vitvi05g01061	Vitis05g01243
VIT_05s0029g00420	Vitvi05g01108	Vitis05g01295
VIT_05s0029g01140	Vitvi05g01193	Vitis05g01440
VIT_05s0124g00390	Vitvi05g01408	-
VIT_05s0102g00090	Vitvi05g01467	Vitis05g01842
VIT_05s0102g00120	Vitvi05g01469	Vitis05g01844
VIT_05s0102g00230	Vitvi05g01482	Vitis05g01854
VIT_05s0102g00270	Vitvi05g01488	Vitis05g01860
VIT_05s0102g00880	Vitvi05g01524	Vitis05g01929
VIT_05s0094g00780	Vitvi05g01624	Vitis05g02045
VIT_05s0094g00900	Vitvi05g01634	Vitis05g02057
VIT_05s0094g01110	Vitvi05g01660	Vitis05g02080
VIT_05s0094g01410	Vitvi05g01686	Vitis05g02107
VIT_05s0094g01480	Vitvi05g01692	Vitis05g02115
VIT_05s0094g01490	Vitvi05g01693	Vitis05g02117
VIT_06s0004g00020	Vitvi06g00007	Vitis06g00012
VIT_06s0004g00190	Vitvi06g00028	Vitis06g00036
VIT_06s0004g00830	Vitvi06g00085	Vitis06g00095
VIT_06s0004g01160	Vitvi06g00110	Vitis06g00132
VIT_06s0004g01250	Vitvi06g00119	Vitis06g00153
VIT_06s0004g02030	Vitvi06g00205	Vitis06g00254
VIT_06s0004g02060	Vitvi06g00210	-
VIT_06s0004g02100	Vitvi06g00213	Vitis06g00261
VIT_06s0004g02140	Vitvi06g00216	Vitis06g00264
VIT_06s0004g02590	Vitvi06g00250	Vitis06g00320
VIT_06s0004g02620	Vitvi06g04091	Vitis06g00326
VIT_06s0004g02750	Vitvi06g00272	Vitis06g00338
VIT_06s0004g02900	Vitvi06g00286	Vitis06g00351
VIT_06s0004g02960	Vitvi06g00293	Vitis06g00357
VIT_06s0004g03070	Vitvi06g00304	-
VIT_06s0004g03140	Vitvi06g00312	Vitis06g00379
VIT_06s0004g03340	Vitvi06g00337	Vitis06g00410
VIT_06s0004g03430	Vitvi06g00346	Vitis06g00419
VIT_06s0004g03540	Vitvi06g00356	Vitis06g00431
VIT_06s0004g03590	Vitvi06g00360	Vitis06g00434
VIT_06s0004g03790	Vitvi06g00381	-
VIT_06s0004g04080	Vitvi06g00407	Vitis06g00489
VIT_06s0004g04390	Vitvi06g00435	Vitis06g00520
VIT_06s0004g04530	Vitvi06g00450	Vitis06g00535
VIT_06s0004g04810	Vitvi06g00473	Vitis06g00564
VIT_06s0004g05470	Vitvi06g00534	Vitis06g00645
VIT_06s0004g05780	Vitvi06g00562	Vitis06g00669
VIT_06s0004g05920	Vitvi06g00576	Vitis06g00683
VIT_06s0004g05930	Vitvi06g01736	-
VIT_06s0004g06300	Vitvi06g00614	Vitis06g00732
VIT_06s0004g06320	Vitvi06g00617	Vitis06g00735
VIT_06s0004g06700	Vitvi06g00652	-
VIT_06s0004g06720	Vitvi06g00654	Vitis06g00775
VIT_06s0004g06730	Vitvi06g00656	Vitis06g00776
VIT_06s0004g06830	Vitvi06g00666	Vitis06g00785
VIT_06s0004g07660	Vitvi06g00759	Vitis06g00884
VIT_06s0004g07790	Vitvi06g00772	Vitis06g00896
VIT_06s0004g07950	Vitvi06g00787	Vitis06g00914
VIT_06s0004g08150	Vitvi06g00803	Vitis06g00934
VIT_06s0004g08460	Vitvi06g00845	Vitis06g00969
VIT_06s0009g00770	Vitvi06g00956	Vitis06g01106
VIT_06s0009g00850	Vitvi06g00966	Vitis06g01112
VIT_06s0009g00880	Vitvi06g00972	Vitis06g01115
VIT_06s0009g01080	Vitvi06g00995	Vitis06g01155
VIT_06s0009g01460	Vitvi06g01044	-
VIT_06s0009g01780	Vitvi06g01072	Vitis06g01235
VIT_06s0009g02320	Vitvi06g01125	Vitis06g01298
VIT_06s0009g02520	Vitvi06g01147	-
VIT_06s0009g02790	Vitvi06g01172	Vitis06g01361
VIT_06s0009g03120	Vitvi06g01203	Vitis06g01396
VIT_06s0009g03130	Vitvi06g01205	Vitis06g01398
VIT_06s0009g03240	Vitvi06g01217	Vitis06g01408
VIT_06s0009g03740	Vitvi06g01261	Vitis06g01449
VIT_06s0061g00040	Vitvi06g01272	Vitis06g01465
VIT_06s0061g00080	Vitvi06g01276	Vitis06g01469
VIT_06s0061g00690	Vitvi06g01341	Vitis06g01542
VIT_06s0061g00710	Vitvi06g01344	Vitis06g01547
VIT_06s0061g00750	Vitvi06g01349	Vitis06g01551
VIT_06s0061g01120	Vitvi06g01389	Vitis06g01598
VIT_06s0080g00360	Vitvi06g01480	Vitis06g01709
VIT_06s0080g00560	Vitvi06g01502	Vitis06g01727
VIT_06s0080g01110	Vitvi06g01552	Vitis06g01783
VIT_07s0141g00390	Vitvi07g00037	Vitis07g00037
VIT_07s0141g00290	Vitvi07g00042	Vitis07g00042
VIT_07s0141g00210	Vitvi07g00047	Vitis07g00048
VIT_00s0179g00330	Vitvi07g00063	Vitis07g00067
VIT_00s0179g00300	Vitvi07g00066	Vitis07g00070
VIT_07s0151g01040	Vitvi07g00127	Vitis07g00158
VIT_07s0151g01070	Vitvi07g00130	-
VIT_07s0104g00320	Vitvi07g00160	Vitis07g00193
VIT_07s0104g00610	Vitvi07g00187	Vitis07g00224
VIT_07s0104g00800	Vitvi07g00203	Vitis07g00240
VIT_07s0104g00930	Vitvi07g00217	Vitis07g00251
VIT_07s0104g01030	Vitvi07g00223	Vitis07g00258
VIT_07s0104g01230	Vitvi07g00238	Vitis07g00275
VIT_07s0104g01320	Vitvi07g00248	Vitis07g00281
VIT_07s0104g01360	Vitvi07g00252	Vitis07g00285
VIT_07s0005g00150	Vitvi07g00299	Vitis07g00340
VIT_07s0005g00750	Vitvi07g00353	Vitis07g00404
VIT_07s0005g00880	Vitvi07g00362	Vitis07g00419
VIT_07s0005g01030	Vitvi07g00376	Vitis07g00434
VIT_07s0005g01280	Vitvi07g00399	Vitis07g00463
VIT_07s0005g01430	Vitvi07g00411	-
VIT_07s0005g02230	Vitvi07g02247	Vitis07g00569
VIT_07s0005g02470	Vitvi07g00513	-
VIT_07s0005g02480	Vitvi07g00515	Vitis07g00598
VIT_07s0005g02550	Vitvi07g00521	Vitis07g00604
VIT_07s0005g02640	Vitvi07g00531	-
VIT_07s0005g02800	Vitvi07g00544	Vitis07g00627
VIT_07s0005g02950	Vitvi07g00563	Vitis07g00659
VIT_07s0005g03190	Vitvi07g02062	Vitis07g00688
VIT_07s0005g03200	Vitvi07g02064	Vitis07g00690
VIT_07s0005g03210	Vitvi07g00590	Vitis07g00691
VIT_07s0005g03300	Vitvi07g02266	Vitis07g00700
VIT_07s0005g03340	Vitvi07g00598	Vitis07g00704
VIT_07s0005g03730	Vitvi07g00630	Vitis07g00738
VIT_07s0005g03790	Vitvi07g00637	Vitis07g00747
VIT_07s0005g04380	Vitvi07g00687	Vitis07g00802
VIT_07s0005g04420	Vitvi07g00691	Vitis07g00807
VIT_07s0005g04480	Vitvi07g00696	Vitis07g00817
VIT_07s0005g04700	Vitvi07g04174	-
VIT_07s0005g05780	Vitvi07g00824	Vitis07g00945
VIT_07s0005g06340	Vitvi07g00907	Vitis07g01023
VIT_00s0184g00040	Vitvi07g01061	-
VIT_00s0340g00070	Vitvi07g02991	-
VIT_00s0340g00050	Vitvi07g02990	Vitis07g01574
VIT_00s0220g00110	Vitvi07g01247	Vitis07g01589
VIT_07s0197g00080	Vitvi07g01323	-
VIT_00s0662g00010	Vitvi07g03026	Vitis07g01697
VIT_00s0304g00040	Vitvi07g01360	-
VIT_00s0742g00040	Vitvi07g04555	-
VIT_00s0391g00070	Vitvi07g03049	Vitis07g01778
VIT_07s0191g00190	Vitvi07g01482	Vitis07g01805
VIT_07s0191g00240	Vitvi07g01475	Vitis07g01815
VIT_00s0199g00210	Vitvi07g01460	Vitis07g01831
VIT_00s0199g00170	Vitvi07g02591	Vitis07g01836
VIT_00s0218g00110	Vitvi07g01408	Vitis07g01879
VIT_00s0218g00070	Vitvi07g01403	Vitis07g01883
VIT_00s1437g00010	Vitvi07g03132	-
VIT_00s0558g00010	Vitvi07g04666	Vitis07g01968
VIT_00s0670g00020	Vitvi07g04669	-
VIT_07s0129g00240	Vitvi07g01602	Vitis07g02033
VIT_07s0129g00270	Vitvi07g01605	Vitis07g02036
VIT_07s0129g00530	Vitvi07g01633	Vitis07g02060
VIT_07s0129g01100	Vitvi07g01683	Vitis07g02120
VIT_07s0031g00190	Vitvi07g01702	Vitis07g02141
VIT_07s0031g00470	Vitvi07g01731	-
VIT_07s0031g00620	Vitvi07g01745	Vitis07g02191
VIT_07s0031g00710	Vitvi07g01755	Vitis07g02202
VIT_07s0031g00920	Vitvi07g01777	Vitis07g02222
VIT_07s0031g00980	Vitvi07g01783	Vitis07g02226
VIT_07s0031g01460	Vitvi07g01823	Vitis07g02271
VIT_07s0031g01600	Vitvi07g01835	-
VIT_07s0031g01770	Vitvi07g01853	Vitis07g02301
VIT_07s0031g02200	Vitvi07g01893	Vitis07g02347
VIT_07s0031g02390	Vitvi07g01908	Vitis07g02368
VIT_07s0031g02750	Vitvi07g01952	Vitis07g02412
VIT_07s0031g02820	Vitvi07g01959	Vitis07g02419
VIT_07s0031g03090	Vitvi07g02717	Vitis07g02449
VIT_07s0031g03170	Vitvi07g02000	Vitis07g02457
VIT_07s0130g00350	Vitvi07g02043	Vitis07g02504
VIT_08s0056g00310	Vitvi08g00027	Vitis08g00041
VIT_08s0056g01570	Vitvi08g00135	Vitis08g00189
VIT_08s0056g01640	Vitvi08g00142	-
VIT_08s0032g00090	Vitvi08g00160	Vitis08g00223
VIT_08s0032g00840	Vitvi08g00225	Vitis08g00313
VIT_08s0032g01110	Vitvi08g00274	Vitis08g00360
VIT_08s0032g01130	Vitvi08g00281	Vitis08g00368
VIT_08s0105g00430	Vitvi08g00662	Vitis08g00528
VIT_08s0105g00460	Vitvi08g00667	Vitis08g00531
VIT_08s0105g00590	Vitvi08g00678	Vitis08g00546
VIT_08s0058g00690	Vitvi08g00793	Vitis08g00676
VIT_08s0058g00930	Vitvi08g00816	Vitis08g00697
VIT_08s0040g00510	Vitvi08g00913	Vitis08g00796
VIT_08s0040g00780	Vitvi08g00940	Vitis08g00819
VIT_08s0040g01330	Vitvi08g00987	Vitis08g00878
VIT_08s0040g01700	Vitvi08g01021	Vitis08g00920
VIT_08s0040g01810	Vitvi08g01033	-
VIT_08s0040g02100	Vitvi08g01050	Vitis08g00965
VIT_08s0040g02900	Vitvi08g01117	Vitis08g01045
VIT_08s0040g03320	Vitvi08g01162	Vitis08g01083
VIT_08s0007g00060	Vitvi08g01177	Vitis08g01098
VIT_08s0007g00170	Vitvi08g01185	Vitis08g01108
VIT_08s0007g01060	Vitvi08g01261	Vitis08g01184
VIT_08s0007g01570	Vitvi08g01301	Vitis08g01234
VIT_08s0007g01760	Vitvi08g01320	Vitis08g01253
VIT_08s0007g01790	Vitvi08g01323	Vitis08g01258
VIT_08s0007g02480	Vitvi08g01385	Vitis08g01326
VIT_08s0007g02510	Vitvi08g01388	Vitis08g01329
VIT_08s0007g02710	Vitvi08g01402	-
VIT_08s0007g03240	Vitvi08g01454	Vitis08g01401
VIT_08s0007g03280	Vitvi08g01457	Vitis08g01406
VIT_08s0007g03320	Vitvi08g01460	Vitis08g01410
VIT_08s0007g03750	Vitvi08g01497	Vitis08g01457
VIT_08s0007g03830	Vitvi08g01506	Vitis08g01466
VIT_08s0007g03930	Vitvi08g01517	Vitis08g01478
VIT_08s0007g04250	Vitvi08g01548	Vitis08g01517
VIT_08s0007g04310	Vitvi08g01554	Vitis08g01525
VIT_08s0007g04520	Vitvi08g01573	Vitis08g01550
VIT_08s0007g04530	Vitvi08g01574	Vitis08g01551
VIT_08s0007g04790	Vitvi08g01603	Vitis08g01589
VIT_08s0007g04830	Vitvi08g01607	-
VIT_08s0007g05130	Vitvi08g01634	Vitis08g01626
VIT_08s0007g05170	Vitvi08g01638	Vitis08g01629
VIT_08s0007g05260	Vitvi08g01646	Vitis08g01637
VIT_08s0007g05360	Vitvi08g01656	Vitis08g01646
VIT_08s0007g05410	Vitvi08g01660	Vitis08g01652
VIT_08s0007g05600	Vitvi08g01672	Vitis08g01675
VIT_08s0007g05690	Vitvi08g01674	Vitis08g01697
VIT_08s0007g05710	Vitvi08g01676	Vitis08g01700
VIT_08s0007g05920	Vitvi08g01695	Vitis08g01721
VIT_08s0007g06270	Vitvi08g01720	Vitis08g01750
VIT_08s0007g06450	Vitvi08g02345	Vitis08g01765
VIT_08s0007g06490	Vitvi08g01737	Vitis08g01773
VIT_08s0007g07100	Vitvi08g01784	Vitis08g01832
VIT_08s0007g07170	Vitvi08g01792	Vitis08g01841
VIT_08s0007g08110	Vitvi08g01872	Vitis08g01920
VIT_08s0007g08200	Vitvi08g01879	Vitis08g01929
VIT_08s0007g08310	Vitvi08g01890	-
VIT_08s0007g08380	Vitvi08g01897	Vitis08g01947
VIT_08s0007g08470	Vitvi08g01905	Vitis08g01963
VIT_09s0002g00810	Vitvi09g01499	Vitis09g00071
VIT_09s0002g00820	Vitvi09g01500	Vitis09g00072
VIT_09s0002g01080	Vitvi09g00085	Vitis09g00095
VIT_09s0002g01850	Vitvi09g00156	Vitis09g00191
VIT_09s0002g02390	Vitvi09g00200	Vitis09g00246
VIT_09s0002g02630	Vitvi09g00220	-
VIT_09s0002g03410	Vitvi09g00281	Vitis09g00335
VIT_09s0002g04080	Vitvi09g00336	-
VIT_09s0002g05200	Vitvi09g00439	Vitis09g00536
VIT_09s0002g05230	Vitvi09g00442	Vitis09g00538
VIT_09s0002g06760	Vitvi09g00595	Vitis09g00684
VIT_09s0002g07640	Vitvi09g04207	-
VIT_09s0002g08370	Vitvi09g00753	-
VIT_09s0002g08670	Vitvi09g00794	Vitis09g00885
VIT_09s0070g00240	Vitvi09g00993	Vitis09g01102
VIT_09s0070g00470	Vitvi09g01011	-
VIT_09s0070g00580	Vitvi09g01025	Vitis09g01132
VIT_09s0018g00240	Vitvi09g01122	Vitis09g01247
VIT_09s0018g01180	Vitvi09g01227	Vitis09g01350
VIT_09s0018g01190	Vitvi09g01229	Vitis09g01353
VIT_09s0018g01820	Vitvi09g01287	Vitis09g01419
VIT_09s0054g00600	Vitvi09g01372	Vitis09g01544
VIT_09s0054g00930	Vitvi09g01401	Vitis09g01579
VIT_10s0116g00410	Vitvi10g00020	Vitis10g00063
VIT_10s0116g00860	Vitvi10g00047	Vitis10g00089
VIT_10s0116g00910	Vitvi10g00050	Vitis10g00092
VIT_10s0116g00920	Vitvi10g01613	-
VIT_10s0116g01200	Vitvi10g00063	Vitis10g00115
VIT_10s0116g01480	Vitvi10g00073	Vitis10g00129
VIT_10s0116g01540	Vitvi10g00078	Vitis10g00134
VIT_10s0116g01670	Vitvi10g00088	Vitis10g00145
VIT_10s0116g01730	Vitvi10g00094	-
VIT_00s2750g00010	Vitvi10g00174	-
VIT_00s0187g00340	Vitvi10g00177	Vitis10g00258
VIT_00s0187g00300	Vitvi10g04077	-
VIT_00s0194g00110	Vitvi10g00223	Vitis10g00301
VIT_00s0194g00120	Vitvi10g00224	Vitis10g00302
VIT_10s0405g00030	Vitvi10g00285	Vitis10g00383
VIT_00s0181g00140	Vitvi10g00366	Vitis10g00617
VIT_00s0181g00250	Vitvi10g00383	Vitis10g00626
VIT_00s0647g00010	Vitvi10g04300	-
VIT_00s0583g00030	Vitvi10g00414	Vitis10g00697
VIT_00s0265g00030	Vitvi10g04315	Vitis10g00714
VIT_10s0003g00050	Vitvi10g04328	Vitis10g00743
VIT_10s0003g00420	Vitvi10g00510	Vitis10g00780
VIT_10s0003g01000	Vitvi10g00554	Vitis10g00854
VIT_10s0003g01560	Vitvi10g00613	Vitis10g00912
VIT_10s0003g01830	Vitvi10g00639	Vitis10g00939
VIT_10s0003g02810	Vitvi10g00732	Vitis10g01071
VIT_10s0003g02880	Vitvi10g00739	Vitis10g01077
VIT_10s0003g03080	Vitvi10g00754	Vitis10g01104
VIT_10s0003g03270	Vitvi10g00777	Vitis10g01124
VIT_10s0003g03750	Vitvi10g00821	Vitis10g01188
VIT_10s0003g03830	Vitvi10g00829	Vitis10g01195
VIT_10s0003g03870	Vitvi10g00835	Vitis10g01205
VIT_10s0003g03910	Vitvi10g00838	Vitis10g01207
VIT_10s0003g04100	Vitvi10g00854	Vitis10g01227
VIT_10s0003g04120	Vitvi10g00858	Vitis10g01229
VIT_10s0003g04240	Vitvi10g00870	Vitis10g01238
VIT_10s0003g04390	Vitvi10g00886	Vitis10g01274
VIT_10s0003g04470	Vitvi10g00888	Vitis10g01285
VIT_10s0003g05040	Vitvi10g00950	Vitis10g01371
VIT_10s0003g05380	Vitvi10g01016	Vitis10g01428
VIT_10s0092g00090	Vitvi10g01098	Vitis10g01499
VIT_10s0042g01250	Vitvi10g01335	Vitis10g01826
VIT_10s0042g01090	Vitvi10g01358	Vitis10g01846
VIT_10s0042g00950	Vitvi10g01386	Vitis10g01866
VIT_10s0042g00830	Vitvi10g01394	Vitis10g01878
VIT_10s0042g00170	Vitvi10g01466	Vitis10g01940
VIT_10s0042g00100	Vitvi10g01476	Vitis10g01947
VIT_10s0042g00050	Vitvi10g02038	-
VIT_10s0042g00020	Vitvi10g04679	Vitis10g01952
VIT_10s0071g00010	Vitvi10g02041	-
VIT_10s0071g00250	Vitvi10g01505	Vitis10g01984
VIT_10s0071g00290	Vitvi10g01506	Vitis10g01986
VIT_10s0071g00950	Vitvi10g01555	Vitis10g02070
VIT_11s0016g00280	Vitvi11g00012	Vitis11g00021
VIT_11s0016g00340	Vitvi11g00017	Vitis11g00026
VIT_11s0016g00470	Vitvi11g00030	Vitis11g00042
VIT_11s0016g00540	Vitvi11g00037	Vitis11g00049
VIT_11s0016g00640	Vitvi11g00043	Vitis11g00058
VIT_11s0016g00830	Vitvi11g00063	Vitis11g00079
VIT_11s0016g00860	Vitvi11g01328	Vitis11g00083
VIT_11s0016g00870	Vitvi11g01329	Vitis11g00084
VIT_11s0016g00880	Vitvi11g01330	Vitis11g00086
VIT_11s0016g00900	Vitvi11g00066	-
VIT_11s0016g01230	Vitvi11g00090	Vitis11g00119
VIT_11s0016g01720	Vitvi11g00130	Vitis11g00174
VIT_11s0016g01780	Vitvi11g00137	Vitis11g00180
VIT_11s0016g01990	Vitvi11g00158	Vitis11g00204
VIT_11s0016g02180	Vitvi11g00175	-
VIT_11s0016g02280	Vitvi11g00186	-
VIT_11s0016g02380	Vitvi11g00195	Vitis11g00247
VIT_11s0016g02410	Vitvi11g00197	Vitis11g00251
VIT_11s0016g02450	Vitvi11g01377	Vitis11g00255
VIT_11s0016g02560	Vitvi11g00212	Vitis11g00267
VIT_11s0016g02700	Vitvi11g00226	-
VIT_11s0016g02800	Vitvi11g00231	Vitis11g00289
VIT_11s0016g03200	Vitvi11g00271	Vitis11g00330
VIT_11s0016g03410	Vitvi11g00292	Vitis11g00352
VIT_11s0016g03640	Vitvi11g00309	Vitis11g00377
VIT_11s0016g03690	Vitvi11g00315	Vitis11g00382
VIT_11s0016g03720	Vitvi11g00318	Vitis11g00386
VIT_11s0016g03930	Vitvi11g00338	Vitis11g00408
VIT_11s0016g05060	Vitvi11g00447	Vitis11g00523
VIT_11s0016g05190	Vitvi11g01435	Vitis11g00538
VIT_11s0016g05360	Vitvi11g00469	Vitis11g00557
VIT_11s0016g05370	Vitvi11g00471	Vitis11g00558
VIT_11s0118g00200	Vitvi11g00542	Vitis11g00652
VIT_11s0149g00130	Vitvi11g00619	Vitis11g00758
VIT_11s0206g00020	Vitvi11g00636	-
VIT_11s0016g00130	Vitvi11g00672	Vitis11g00807
VIT_11s0037g00250	Vitvi11g00704	-
VIT_11s0037g00340	Vitvi11g01504	Vitis11g00847
VIT_11s0037g00530	Vitvi11g00726	Vitis11g00869
VIT_11s0037g00930	Vitvi11g00809	Vitis11g00942
VIT_11s0037g00950	Vitvi11g00811	Vitis11g00946
VIT_11s0037g01100	Vitvi11g00824	Vitis11g00965
VIT_11s0065g00100	Vitvi11g00893	Vitis11g01023
VIT_11s0103g00190	Vitvi11g01098	Vitis11g01253
VIT_11s0103g00400	Vitvi11g01117	Vitis11g01283
VIT_11s0103g00420	Vitvi11g01118	Vitis11g01284
VIT_11s0052g00440	Vitvi11g01186	Vitis11g01398
VIT_11s0052g00450	Vitvi11g01188	Vitis11g01399
VIT_11s0052g00540	Vitvi11g01198	Vitis11g01409
VIT_11s0052g00820	Vitvi11g01657	Vitis11g01447
VIT_11s0052g00850	Vitvi11g01232	Vitis11g01451
VIT_11s0052g01090	Vitvi11g01257	Vitis11g01480
VIT_11s0052g01110	Vitvi11g01258	Vitis11g01483
VIT_11s0052g01390	Vitvi11g01273	Vitis11g01509
VIT_11s0052g01400	Vitvi11g01277	Vitis11g01515
VIT_11s0052g01710	Vitvi11g01300	Vitis11g01545
VIT_12s0142g00280	Vitvi12g00022	Vitis12g00037
VIT_12s0142g00220	Vitvi12g00027	Vitis12g00044
VIT_12s0142g00090	Vitvi12g00034	Vitis12g00052
VIT_12s0028g00270	Vitvi12g00048	Vitis12g00071
VIT_12s0028g00630	Vitvi12g00067	Vitis12g00091
VIT_12s0028g00710	Vitvi12g00071	Vitis12g00100
VIT_12s0028g00980	Vitvi12g02204	Vitis12g00119
VIT_12s0028g01110	Vitvi12g00096	Vitis12g00130
VIT_12s0028g01810	Vitvi12g00157	-
VIT_12s0028g01820	Vitvi12g00158	Vitis12g00206
VIT_12s0028g02140	Vitvi12g02250	Vitis12g00241
VIT_12s0028g02340	Vitvi12g00198	Vitis12g00261
VIT_12s0028g03030	Vitvi12g00252	-
VIT_12s0028g03200	Vitvi12g00270	Vitis12g00341
VIT_12s0028g03210	Vitvi12g04064	Vitis12g00342
VIT_12s0028g03240	Vitvi12g02300	-
VIT_12s0028g03260	Vitvi12g00272	-
VIT_12s0028g03350	Vitvi12g00280	Vitis12g00354
VIT_12s0059g00450	Vitvi12g00353	Vitis12g00487
VIT_12s0059g00750	Vitvi12g00380	Vitis12g00510
VIT_12s0059g01130	Vitvi12g00415	-
VIT_12s0059g01600	Vitvi12g00459	Vitis12g00597
VIT_12s0057g01170	Vitvi12g00736	-
VIT_12s0057g01200	Vitvi12g02504	Vitis12g00964
VIT_12s0057g01240	Vitvi12g00745	Vitis12g00970
VIT_12s0057g01270	Vitvi12g02505	Vitis12g00973
VIT_12s0057g01410	Vitvi12g00764	Vitis12g00995
VIT_12s0057g01420	Vitvi12g00765	Vitis12g00996
VIT_12s0057g01480	Vitvi12g00770	Vitis12g01003
VIT_12s0055g00920	Vitvi12g01610	Vitis12g01279
VIT_12s0055g00840	Vitvi12g01618	Vitis12g01288
VIT_12s0034g02380	Vitvi12g01915	Vitis12g01629
VIT_12s0035g00320	Vitvi12g01973	Vitis12g01700
VIT_12s0035g00760	Vitvi12g02013	Vitis12g01747
VIT_12s0035g01800	Vitvi12g02122	Vitis12g01861
VIT_12s0035g01920	Vitvi12g02139	Vitis12g01888
VIT_12s0035g01950	Vitvi12g02141	Vitis12g01890
VIT_12s0035g02100	Vitvi12g02758	-
VIT_12s0035g02110	Vitvi12g02159	Vitis12g01912
VIT_13s0067g00330	Vitvi13g00019	Vitis13g00031
VIT_13s0067g00400	Vitvi13g00022	Vitis13g00034
VIT_13s0067g00840	Vitvi13g00045	Vitis13g00060
VIT_13s0067g00990	Vitvi13g00053	-
VIT_13s0067g01110	Vitvi13g00059	Vitis13g00073
VIT_13s0067g01120	Vitvi13g00060	Vitis13g00075
VIT_13s0067g02380	Vitvi13g00144	Vitis13g00173
VIT_13s0067g02720	Vitvi13g04031	Vitis13g00191
VIT_13s0067g02730	Vitvi13g00164	Vitis13g00192
VIT_13s0067g02780	Vitvi13g04037	Vitis13g00197
VIT_13s0067g02830	Vitvi13g04038	-
VIT_13s0067g02990	Vitvi13g00177	Vitis13g00212
VIT_13s0067g03440	Vitvi13g00207	Vitis13g00247
VIT_13s0019g00510	Vitvi13g04079	Vitis13g00336
VIT_13s0019g00840	Vitvi13g01966	Vitis13g00353
VIT_13s0019g01260	Vitvi13g00295	Vitis13g00374
VIT_13s0019g02210	Vitvi13g00345	Vitis13g00434
VIT_13s0019g02390	Vitvi13g00359	Vitis13g00454
VIT_13s0019g02860	Vitvi13g00397	Vitis13g00490
VIT_13s0019g02810	Vitvi13g00398	Vitis13g00487
VIT_13s0019g03350	Vitvi13g00507	Vitis13g00533
VIT_13s0019g03380	Vitvi13g00512	Vitis13g00536
VIT_13s0019g04170	Vitvi13g00594	Vitis13g00628
VIT_13s0019g04190	Vitvi13g00597	Vitis13g00630
VIT_13s0019g04370	Vitvi13g00613	Vitis13g00644
VIT_13s0019g04380	Vitvi13g02058	Vitis13g00646
VIT_13s0019g04460	Vitvi13g00622	Vitis13g00658
VIT_13s0019g04730	Vitvi13g00654	Vitis13g00687
VIT_13s0019g05160	Vitvi13g00692	Vitis13g00733
VIT_13s0074g00080	Vitvi13g02082	-
VIT_13s0074g00620	Vitvi13g00774	Vitis08g00207
VIT_13s0106g00280	Vitvi13g00832	Vitis13g00911
VIT_13s0106g00380	Vitvi13g00843	Vitis13g00922
VIT_13s0106g00790	Vitvi13g00887	Vitis13g00965
VIT_13s0147g00100	Vitvi13g00917	-
VIT_13s0073g00250	Vitvi13g01022	Vitis13g01138
VIT_13s0073g00490	Vitvi13g01044	-
VIT_13s0067g01830	Vitvi13g01259	-
VIT_13s0067g01770	Vitvi13g01264	Vitis13g01425
VIT_13s0067g01630	Vitvi13g01266	Vitis13g01428
VIT_13s0084g00150	Vitvi13g01386	Vitis13g01558
VIT_13s0084g00660	Vitvi13g01350	Vitis13g01627
VIT_00s0591g00020	Vitvi13g04616	-
VIT_00s1715g00010	Vitvi13g04620	-
VIT_13s0019g01010	Vitvi13g01545	Vitis13g01888
VIT_13s0158g00340	Vitvi13g01613	Vitis13g01957
VIT_13s0064g00050	Vitvi13g01645	Vitis13g02005
VIT_13s0064g00440	Vitvi13g01684	Vitis13g02066
VIT_13s0064g00810	Vitvi13g01724	Vitis13g02111
VIT_13s0064g00840	Vitvi13g01727	Vitis13g02117
VIT_13s0064g00890	Vitvi13g01731	Vitis13g02123
VIT_13s0064g00930	Vitvi13g01734	-
VIT_13s0064g00940	Vitvi13g01735	Vitis13g02128
VIT_13s0156g00060	Vitvi13g01842	Vitis13g02273
VIT_13s0156g00180	Vitvi13g01832	Vitis13g02258
VIT_14s0060g00360	Vitvi14g00033	Vitis14g00054
VIT_14s0060g00480	Vitvi14g02444	Vitis14g00069
VIT_14s0060g01180	Vitvi14g00093	Vitis14g00140
VIT_14s0060g01190	Vitvi14g02474	Vitis14g00141
VIT_14s0060g01680	Vitvi14g00137	Vitis14g00190
VIT_14s0060g02320	Vitvi14g00183	Vitis14g00256
VIT_14s0060g02680	Vitvi14g02526	Vitis14g00313
VIT_14s0128g00330	Vitvi14g00258	Vitis14g00392
VIT_14s0128g00320	Vitvi14g00259	Vitis14g00393
VIT_14s0128g00170	Vitvi14g00272	Vitis14g00405
VIT_14s0128g00110	Vitvi14g00277	Vitis14g00411
VIT_14s0030g00030	Vitvi14g00291	-
VIT_14s0030g00440	Vitvi14g00322	Vitis14g00476
VIT_14s0030g00650	Vitvi14g00338	Vitis14g00509
VIT_14s0030g00660	Vitvi14g00339	Vitis14g00510
VIT_14s0030g00950	Vitvi14g04138	-
VIT_14s0030g01560	Vitvi14g00407	Vitis14g00630
VIT_14s0030g01740	Vitvi14g00424	Vitis14g00654
VIT_14s0030g01900	Vitvi14g00439	Vitis14g00672
VIT_14s0030g02140	Vitvi14g00466	Vitis14g00706
VIT_14s0030g02180	Vitvi14g00471	Vitis14g00710
VIT_14s0081g00010	Vitvi14g00484	Vitis14g00734
VIT_14s0081g00200	Vitvi14g02674	Vitis14g00753
VIT_14s0081g00240	Vitvi14g00503	Vitis14g00760
VIT_14s0081g00630	Vitvi14g00547	Vitis14g00821
VIT_14s0036g00520	Vitvi14g00619	Vitis14g00922
VIT_14s0006g00640	Vitvi14g00841	Vitis14g01170
VIT_14s0006g01660	Vitvi14g00980	Vitis14g01321
VIT_14s0006g01790	Vitvi14g00996	Vitis14g01336
VIT_14s0006g01820	Vitvi14g00998	Vitis14g01339
VIT_14s0006g01970	Vitvi14g01023	Vitis14g01369
VIT_14s0006g02820	Vitvi14g01178	Vitis14g01483
VIT_14s0006g02970	Vitvi14g01195	Vitis14g01495
VIT_14s0006g03230	Vitvi14g01226	Vitis14g01523
VIT_14s0083g00110	Vitvi14g01246	Vitis14g01538
VIT_14s0083g00460	Vitvi14g01281	Vitis14g01582
VIT_14s0083g00520	Vitvi14g01283	Vitis14g01586
VIT_14s0083g00640	Vitvi14g01296	Vitis14g01598
VIT_14s0083g01030	Vitvi14g01341	Vitis14g01652
VIT_14s0083g01100	Vitvi14g01350	Vitis14g01659
VIT_14s0068g00210	Vitvi14g02934	Vitis14g01692
VIT_14s0068g00300	Vitvi14g01394	Vitis14g01701
VIT_14s0068g00680	Vitvi14g01424	Vitis14g01756
VIT_14s0068g00840	Vitvi14g01439	Vitis14g01776
VIT_14s0068g00910	Vitvi14g01447	Vitis14g01783
VIT_14s0068g01190	Vitvi14g01472	Vitis14g01810
VIT_14s0068g01300	Vitvi14g01481	Vitis14g01822
VIT_14s0068g01330	Vitvi14g01482	Vitis14g01823
VIT_14s0068g01460	Vitvi14g01497	-
VIT_14s0068g01960	Vitvi14g01537	Vitis14g01879
VIT_14s0068g02110	Vitvi14g01551	Vitis14g01892
VIT_14s0171g00090	Vitvi14g02984	Vitis14g01969
VIT_14s0171g00130	Vitvi14g01571	Vitis14g01974
VIT_14s0171g00440	Vitvi14g01600	Vitis14g02008
VIT_14s0219g00150	Vitvi14g01627	Vitis14g02037
VIT_14s0219g00280	Vitvi14g01639	Vitis14g02048
VIT_14s0066g00340	Vitvi14g01675	Vitis14g02082
VIT_14s0066g00810	Vitvi14g01717	Vitis14g02137
VIT_14s0066g00970	Vitvi14g01735	Vitis14g02153
VIT_14s0066g01210	Vitvi14g01763	Vitis14g02181
VIT_14s0066g01240	Vitvi14g01765	Vitis14g02184
VIT_14s0066g01310	Vitvi14g01772	Vitis14g02190
VIT_14s0066g01550	Vitvi14g01796	Vitis14g02206
VIT_14s0066g02240	Vitvi14g01852	Vitis14g02278
VIT_14s0066g02410	Vitvi14g01874	Vitis14g02294
VIT_14s0108g00010	Vitvi14g01898	Vitis14g02325
VIT_14s0108g00020	Vitvi14g01899	Vitis14g02327
VIT_14s0108g00700	Vitvi14g01952	Vitis14g02401
VIT_14s0108g00940	Vitvi14g01968	-
VIT_14s0108g01330	Vitvi14g02011	Vitis14g02464
VIT_14s0108g01590	Vitvi14g03099	Vitis14g02488
VIT_15s0107g00380	Vitvi15g00254	Vitis15g00343
VIT_15s0045g00310	Vitvi15g00289	Vitis15g00390
VIT_15s0021g00210	Vitvi15g00419	-
VIT_15s0021g00310	Vitvi15g00432	Vitis15g00574
VIT_15s0021g00460	Vitvi15g00445	Vitis15g00585
VIT_15s0021g00500	Vitvi15g00452	Vitis15g00589
VIT_15s0021g02110	Vitvi15g00601	Vitis15g00767
VIT_15s0021g02190	Vitvi15g00612	Vitis15g00779
VIT_15s0021g02240	Vitvi15g00615	Vitis15g00784
VIT_15s0021g02440	Vitvi15g04368	-
VIT_15s0048g00320	Vitvi15g00684	Vitis15g00886
VIT_15s0048g00330	Vitvi15g01489	-
VIT_15s0048g00340	Vitvi15g00687	-
VIT_15s0048g00350	Vitvi15g01490	Vitis15g00888
VIT_15s0048g00360	Vitvi15g01491	-
VIT_15s0048g00370	Vitvi15g00690	Vitis15g00893
VIT_15s0048g00420	Vitvi15g00694	Vitis15g00897
VIT_15s0048g00750	Vitvi15g00728	Vitis15g00934
VIT_15s0048g01250	Vitvi15g00774	Vitis15g00991
VIT_15s0048g02410	Vitvi15g00870	Vitis15g01115
VIT_15s0048g02540	Vitvi15g00879	Vitis15g01131
VIT_00s0322g00030	Vitvi15g04497	Vitis07g02001
VIT_00s0494g00010	Vitvi15g04517	Vitis07g01989
VIT_15s0046g00180	Vitvi15g00940	Vitis15g01197
VIT_15s0046g00320	Vitvi15g00948	Vitis15g01208
VIT_15s0046g01140	Vitvi15g01003	-
VIT_15s0046g01280	Vitvi15g01014	Vitis15g01305
VIT_15s0046g02170	Vitvi15g01089	Vitis15g01387
VIT_15s0046g02220	Vitvi15g01093	Vitis15g01392
VIT_15s0046g02860	Vitvi15g01141	Vitis15g01441
VIT_15s0046g03410	Vitvi15g01174	Vitis15g01486
VIT_15s0046g03520	Vitvi15g01178	Vitis15g01490
VIT_15s0046g03670	Vitvi15g01188	Vitis15g01499
VIT_14s0060g00260	Vitvi15g04653	Vitis14g00043
VIT_14s0060g00240	Vitvi15g04655	Vitis14g00041
VIT_14s0060g00210	Vitvi15g04658	Vitis14g00037
VIT_14s0060g00100	Vitvi15g04666	Vitis14g00030
VIT_16s0039g01380	Vitvi16g01508	Vitis16g00085
VIT_16s0039g01410	Vitvi16g01509	Vitis16g00089
VIT_16s0039g01450	Vitvi16g00073	Vitis16g00093
VIT_16s0039g01470	Vitvi16g00075	Vitis16g00095
VIT_16s0039g01780	Vitvi16g00109	Vitis16g00152
VIT_16s0039g02020	Vitvi16g00137	Vitis16g00181
VIT_16s0039g02040	Vitvi16g00139	Vitis16g00183
VIT_16s0039g02140	Vitvi16g00149	Vitis16g00193
VIT_16s0039g02410	Vitvi16g00168	Vitis16g00228
VIT_16s0013g00260	Vitvi16g00280	Vitis16g00324
VIT_16s0013g01680	Vitvi16g00455	Vitis16g00537
VIT_16s0013g01750	Vitvi16g00463	Vitis16g00547
VIT_16s0013g01890	Vitvi16g01707	-
VIT_16s0022g00320	Vitvi16g00652	Vitis16g00817
VIT_16s0022g00660	Vitvi16g00712	Vitis16g00880
VIT_16s0022g00670	Vitvi16g00713	Vitis16g00881
VIT_16s0022g01030	Vitvi16g00753	Vitis16g00916
VIT_16s0022g01080	Vitvi16g04301	Vitis16g00927
VIT_16s0022g01440	Vitvi16g00796	Vitis16g00979
VIT_16s0022g01770	Vitvi16g00831	Vitis16g01010
VIT_16s0022g02320	Vitvi16g00891	Vitis16g01077
VIT_16s0100g00160	Vitvi16g00919	Vitis16g01136
VIT_16s0100g00400	Vitvi16g00942	Vitis16g01167
VIT_16s0100g00480	Vitvi16g00953	Vitis16g01178
VIT_16s0100g00720	Vitvi16g00982	Vitis16g01200
VIT_16s0050g00780	Vitvi16g01073	Vitis16g01367
VIT_16s0050g02510	Vitvi16g01213	Vitis16g01553
VIT_16s0050g02670	Vitvi16g01233	Vitis16g01569
VIT_16s0098g00770	Vitvi16g02057	Vitis16g01758
VIT_16s0098g00780	Vitvi16g02058	-
VIT_16s0098g00900	Vitvi16g01340	Vitis16g01775
VIT_16s0098g01250	Vitvi16g01371	Vitis16g01810
VIT_16s0098g01780	Vitvi16g01405	Vitis16g01851
VIT_17s0000g00500	Vitvi17g00051	-
VIT_17s0000g00900	Vitvi17g00074	Vitis17g00076
VIT_17s0000g01320	Vitvi17g00104	Vitis17g00116
VIT_17s0000g01600	Vitvi17g00127	Vitis17g00141
VIT_17s0000g01620	Vitvi17g00130	Vitis17g00142
VIT_17s0000g01690	Vitvi17g00138	Vitis17g00155
VIT_17s0000g01870	Vitvi17g00157	Vitis17g00177
VIT_17s0000g01950	Vitvi17g00163	Vitis17g00182
VIT_17s0000g01960	Vitvi17g00164	Vitis17g00183
VIT_17s0000g02140	Vitvi17g00178	-
VIT_17s0000g02420	Vitvi17g00210	Vitis17g00244
VIT_17s0000g02680	Vitvi17g00234	Vitis17g00271
VIT_17s0000g02800	Vitvi17g00241	Vitis17g00278
VIT_17s0000g02960	Vitvi17g00255	Vitis17g00301
VIT_17s0000g03010	Vitvi17g00261	Vitis17g00306
VIT_17s0000g03490	Vitvi17g01399	Vitis17g00370
VIT_17s0000g03690	Vitvi17g00320	Vitis17g00402
VIT_17s0000g04580	Vitvi17g00416	Vitis17g00516
VIT_17s0000g04600	Vitvi17g00421	Vitis17g00520
VIT_17s0000g04610	Vitvi17g00422	Vitis17g00521
VIT_17s0000g04660	Vitvi17g00427	Vitis17g00529
VIT_17s0000g04790	Vitvi17g00442	Vitis17g00555
VIT_17s0000g04830	Vitvi17g00445	-
VIT_17s0000g04910	Vitvi17g00453	Vitis17g00567
VIT_17s0000g05030	Vitvi17g01440	Vitis17g00585
VIT_17s0000g05120	Vitvi17g00485	Vitis17g00595
VIT_17s0000g05330	Vitvi17g00505	Vitis17g00614
VIT_17s0000g05750	Vitvi17g00551	Vitis17g00666
VIT_17s0000g05800	Vitvi17g00555	Vitis17g00677
VIT_17s0000g06280	Vitvi17g00608	Vitis17g00740
VIT_17s0000g06440	Vitvi17g00627	Vitis17g00760
VIT_17s0000g06450	Vitvi17g00629	-
VIT_17s0000g06590	Vitvi17g00642	Vitis17g00773
VIT_17s0000g06960	Vitvi17g00682	Vitis17g00823
VIT_17s0000g07200	Vitvi17g00700	Vitis17g00851
VIT_17s0000g07370	Vitvi17g01513	-
VIT_17s0000g07400	Vitvi17g04216	-
VIT_17s0000g07420	Vitvi17g01520	Vitis17g00879
VIT_17s0000g07560	Vitvi17g01523	Vitis17g00899
VIT_17s0000g07650	Vitvi17g01525	Vitis17g00907
VIT_17s0000g07660	Vitvi17g04221	-
VIT_17s0000g08070	Vitvi17g00786	Vitis17g00955
VIT_17s0000g08390	Vitvi17g00816	Vitis17g00989
VIT_17s0000g08450	Vitvi17g00819	-
VIT_17s0000g08460	Vitvi17g00820	Vitis17g00997
VIT_17s0000g08520	Vitvi17g00826	-
VIT_17s0000g08660	Vitvi17g00843	Vitis17g01019
VIT_17s0000g08960	Vitvi17g00885	Vitis17g01062
VIT_17s0000g08990	Vitvi17g00889	Vitis17g01066
VIT_17s0000g09070	Vitvi17g00894	Vitis17g01073
VIT_17s0000g09490	Vitvi17g00938	Vitis17g01117
VIT_17s0000g09840	Vitvi17g00983	Vitis17g01160
VIT_17s0000g10050	Vitvi17g01011	Vitis17g01191
VIT_17s0000g10430	Vitvi17g01598	Vitis17g01232
VIT_17s0000g00920	Vitvi17g01086	Vitis17g01299
VIT_17s0053g00120	Vitvi17g01162	Vitis17g01409
VIT_17s0053g00700	Vitvi17g01221	Vitis17g01475
VIT_18s0122g00590	Vitvi18g00042	-
VIT_18s0122g00610	Vitvi18g00043	Vitis18g00048
VIT_18s0122g00960	Vitvi18g00068	Vitis18g00073
VIT_18s0001g00060	Vitvi18g00111	Vitis18g00118
VIT_18s0001g00180	Vitvi18g00120	Vitis18g00127
VIT_18s0001g00770	Vitvi18g00159	-
VIT_18s0001g00810	Vitvi18g00163	Vitis18g00173
VIT_18s0001g01640	Vitvi18g00215	-
VIT_18s0001g01810	Vitvi18g00224	Vitis18g00240
VIT_18s0001g02090	Vitvi18g00240	Vitis18g00261
VIT_18s0001g02120	Vitvi18g00241	Vitis18g00263
VIT_18s0001g02140	Vitvi18g00242	-
VIT_18s0001g02370	Vitvi18g00252	Vitis18g00276
VIT_18s0001g02550	Vitvi18g00261	Vitis18g00287
VIT_18s0001g02570	Vitvi18g00262	Vitis18g00289
VIT_18s0001g02610	Vitvi18g00263	Vitis18g00290
VIT_18s0001g02810	Vitvi18g00275	Vitis18g00305
VIT_18s0001g03910	Vitvi18g00326	Vitis18g00371
VIT_18s0001g04140	Vitvi18g00334	Vitis18g00380
VIT_18s0001g04180	Vitvi18g00337	-
VIT_18s0001g04340	Vitvi18g00341	Vitis18g00387
VIT_18s0001g04630	Vitvi18g00353	Vitis18g00398
VIT_18s0001g04860	Vitvi18g00362	Vitis18g00410
VIT_18s0001g05680	Vitvi18g00407	Vitis18g00450
VIT_18s0001g05720	Vitvi18g00409	Vitis18g00454
VIT_18s0001g06650	Vitvi18g00463	Vitis18g00515
VIT_18s0001g07100	Vitvi18g00490	Vitis18g00540
VIT_18s0001g07120	Vitvi18g00491	Vitis18g00541
VIT_18s0001g07220	Vitvi18g00499	Vitis18g00551
VIT_18s0001g07280	Vitvi18g00504	Vitis18g00557
VIT_18s0001g07400	Vitvi18g00512	Vitis18g00571
VIT_18s0001g08150	Vitvi18g00577	Vitis18g00658
VIT_18s0001g08260	Vitvi18g00591	Vitis18g00671
VIT_18s0001g08380	Vitvi18g00602	Vitis18g00682
VIT_18s0001g08520	Vitvi18g00609	Vitis18g00691
VIT_18s0001g08650	Vitvi18g00623	Vitis18g00701
VIT_18s0001g09140	Vitvi18g00667	Vitis18g00745
VIT_18s0001g09910	Vitvi18g00730	Vitis18g00815
VIT_18s0001g09920	Vitvi18g00731	Vitis18g00816
VIT_18s0001g09990	Vitvi18g00740	Vitis18g00825
VIT_18s0001g10150	Vitvi18g04174	Vitis18g00837
VIT_18s0001g10380	Vitvi18g00777	Vitis18g00863
VIT_18s0001g10580	Vitvi18g02681	Vitis18g00882
VIT_18s0001g10720	Vitvi18g00808	Vitis18g00902
VIT_18s0001g10740	Vitvi18g00810	Vitis18g00904
VIT_18s0001g11090	Vitvi18g00835	Vitis18g00938
VIT_18s0001g11910	Vitvi18g00915	Vitis18g01025
VIT_18s0001g12020	Vitvi18g00924	Vitis18g01034
VIT_18s0001g12370	Vitvi18g00953	Vitis18g01069
VIT_18s0001g12780	Vitvi18g00986	Vitis18g01110
VIT_18s0001g12840	Vitvi18g02758	Vitis18g01116
VIT_18s0001g12940	Vitvi18g00996	-
VIT_18s0001g13360	Vitvi18g01034	Vitis18g01163
VIT_18s0001g13420	Vitvi18g01041	Vitis18g01171
VIT_18s0001g13520	Vitvi18g01048	Vitis18g01178
VIT_18s0001g13930	Vitvi18g01086	Vitis18g01221
VIT_18s0001g14010	Vitvi18g01095	Vitis18g01229
VIT_18s0001g14230	Vitvi18g01114	Vitis18g01252
VIT_18s0001g14670	Vitvi18g01149	Vitis18g01292
VIT_18s0001g14980	Vitvi18g01174	Vitis18g01319
VIT_18s0001g15410	Vitvi18g01223	Vitis18g01364
VIT_18s0166g00300	Vitvi18g01292	Vitis18g01456
VIT_18s0076g00360	Vitvi18g01299	Vitis18g01462
VIT_18s0001g00260	Vitvi18g01452	Vitis18g01784
VIT_18s0001g00940	Vitvi18g01587	Vitis18g01810
VIT_18s0001g01730	Vitvi18g01517	Vitis18g01848
VIT_18s0001g01870	Vitvi18g01522	Vitis18g01853
VIT_18s0157g00190	Vitvi18g01572	Vitis18g01893
VIT_18s0072g00940	Vitvi18g01670	Vitis18g02014
VIT_18s0072g01040	Vitvi18g01682	Vitis18g02030
VIT_18s0041g02410	Vitvi18g02167	Vitis18g02664
VIT_18s0041g02430	Vitvi18g02171	Vitis18g02668
VIT_18s0001g03660	Vitvi18g02321	Vitis18g02868
VIT_18s0089g00910	Vitvi18g02390	Vitis18g02976
VIT_19s0014g00070	Vitvi19g00005	Vitis19g00016
VIT_19s0014g00080	Vitvi19g00007	Vitis19g00017
VIT_19s0014g00870	Vitvi19g00061	Vitis19g00101
VIT_19s0014g00980	Vitvi19g00073	Vitis19g00110
VIT_19s0014g01640	Vitvi19g00138	Vitis19g00184
VIT_19s0014g01800	Vitvi19g00150	Vitis19g00203
VIT_19s0014g02190	Vitvi19g00186	Vitis19g00241
VIT_19s0014g02310	Vitvi19g00197	Vitis19g00253
VIT_19s0014g02350	Vitvi19g00200	Vitis19g00258
VIT_19s0014g02700	Vitvi19g00224	Vitis19g00290
VIT_19s0014g02840	Vitvi19g00234	Vitis19g00303
VIT_19s0177g00020	Vitvi19g00431	-
VIT_19s0177g00030	Vitvi19g00432	Vitis19g00604
VIT_19s0177g00310	Vitvi19g00458	Vitis19g00627
VIT_19s0090g00750	Vitvi19g00521	Vitis19g00697
VIT_19s0090g00920	Vitvi19g00538	Vitis19g00709
VIT_19s0090g01030	Vitvi19g00552	Vitis19g00721
VIT_19s0090g01220	Vitvi19g00570	Vitis19g00738
VIT_19s0090g01290	Vitvi19g00577	Vitis19g00745
VIT_19s0015g00130	Vitvi19g00654	Vitis19g00811
VIT_19s0015g01010	Vitvi19g00729	Vitis19g00890
VIT_19s0015g01720	Vitvi19g00904	Vitis19g01000
VIT_19s0135g00060	Vitvi19g01394	Vitis19g01207
VIT_19s0135g00030	Vitvi19g01400	Vitis19g01213
VIT_19s0176g00150	Vitvi19g04438	-
VIT_19s0093g00550	Vitvi19g01356	Vitis19g01299
VIT_19s0093g00510	Vitvi19g01352	Vitis19g01300
VIT_19s0027g01520	Vitvi19g01624	Vitis19g01621
VIT_19s0027g01790	Vitvi19g01655	Vitis19g01661
VIT_19s0085g00260	Vitvi19g01681	Vitis19g01699
VIT_19s0085g00370	Vitvi19g01690	Vitis19g01708
VIT_19s0085g00380	Vitvi19g01692	Vitis19g01709
VIT_19s0085g00600	Vitvi19g01710	Vitis19g01727
VIT_19s0085g00720	Vitvi19g01724	Vitis19g01739
VIT_19s0085g00820	Vitvi19g01733	Vitis19g01751
VIT_19s0085g00830	Vitvi19g01734	Vitis19g01752
VIT_19s0085g00880	Vitvi19g01741	Vitis19g01757
VIT_02s0234g00080	Vitvi02g01774	Vitis02g00694
VIT_00s0341g00040	Vitvi02g01733	Vitis02g00673
VIT_00s0598g00030	Vitvi00g04451	-
VIT_13s0064g01480	Vitvi00g04467	Vitis13g02180
VIT_04s0210g00070	Vitvi00g04635	Vitis04g01745
VIT_04s0210g00080	Vitvi00g04636	Vitis04g01748
VIT_00s0575g00010	Vitvi00g04683	Vitis10g01956
VIT_00s0575g00020	Vitvi00g04684	-
VIT_00s2526g00010	Vitvi00g04866	-
